name,date,state,age
Mahsa Amini,8/23/2022,Tehran,22
Nika Shakarami,8/24/2022,Tehran,22
Mahsa Amini,8/25/2022,Tehran,22
Mahsa Amini,8/26/2022,Tehran,22
Mahsa Amini,8/27/2022,Tehran,22
Mahsa Amini,8/28/2022,Tehran,22
Mahsa Amini,8/29/2022,Tehran,22
Mahsa Amini,8/30/2022,Tehran,22
Mahsa Amini,8/31/2022,Tehran,22
Mahsa Amini,9/1/2022,Tehran,22
Mahsa Amini,9/2/2022,Tehran,23
Mahsa Amini,9/3/2022,Tehran,24
Mahsa Amini,9/4/2022,Tehran,25
Mahsa Amini,9/5/2022,Tehran,26
Mahsa Amini,9/6/2022,Tehran,27
Mahsa Amini,9/7/2022,Tehran,28
Mahsa Amini,9/8/2022,Tehran,29
Mahsa Amini,9/9/2022,Tehran,30
Mahsa Amini,9/10/2022,Tehran,31
Mahsa Amini,9/11/2022,Tehran,32
Mahsa Amini,9/12/2022,Tehran,33
Mahsa Amini,9/13/2022,Tehran,34
Mahsa Amini,9/14/2022,Tehran,35
Mahsa Amini,9/15/2022,Tehran,36
Mahsa Amini,9/16/2022,Tehran,37
Mahsa Amini,9/17/2022,Tehran,38
Mahsa Amini,9/18/2022,Tehran,39
Mahsa Amini,9/19/2022,Tehran,40
Mahsa Amini,9/20/2022,Tehran,41
Mahsa Amini,9/21/2022,Tehran,42
Mahsa Amini,9/22/2022,Tehran,43
Mahsa Amini,9/23/2022,Tehran,44
Mahsa Amini,9/24/2022,Tehran,45
Mahsa Amini,9/25/2022,Tehran,46
Mahsa Amini,9/26/2022,Tehran,47
Mahsa Amini,9/27/2022,Tehran,48
Mahsa Amini,9/28/2022,Tehran,49
Mahsa Amini,9/29/2022,Tehran,50
Mahsa Amini,9/30/2022,Tehran,51
Mahsa Amini,10/1/2022,Tehran,52
Mahsa Amini,10/2/2022,Tehran,53
Mahsa Amini,10/3/2022,Tehran,54
Mahsa Amini,10/4/2022,Tehran,55
Mahsa Amini,10/5/2022,Tehran,56
Mahsa Amini,10/6/2022,Tehran,57
Mahsa Amini,10/7/2022,Tehran,58
Mahsa Amini,10/8/2022,Tehran,59
Mahsa Amini,10/9/2022,Tehran,60
Mahsa Amini,10/10/2022,Tehran,61
Mahsa Amini,10/11/2022,Tehran,62
Mahsa Amini,10/12/2022,Tehran,63
Mahsa Amini,10/13/2022,Tehran,64
Mahsa Amini,10/14/2022,Tehran,65
Mahsa Amini,10/15/2022,Tehran,66
Mahsa Amini,10/16/2022,Tehran,67
Mahsa Amini,10/17/2022,Tehran,68
Mahsa Amini,10/18/2022,Tehran,69
Mahsa Amini,10/19/2022,Tehran,70
Mahsa Amini,10/20/2022,Tehran,71
Mahsa Amini,10/21/2022,Tehran,72
Mahsa Amini,10/22/2022,Tehran,73
Mahsa Amini,10/23/2022,Tehran,74
Mahsa Amini,10/24/2022,Tehran,75
Mahsa Amini,10/25/2022,Tehran,76
Mahsa Amini,10/26/2022,Tehran,77
Mahsa Amini,10/27/2022,Tehran,78
Mahsa Amini,10/28/2022,Tehran,79
Mahsa Amini,10/29/2022,Tehran,80
Mahsa Amini,10/30/2022,Tehran,81
Mahsa Amini,10/31/2022,Tehran,82
Mahsa Amini,11/1/2022,Tehran,83
Mahsa Amini,11/2/2022,Tehran,84
Mahsa Amini,11/3/2022,Tehran,85
Mahsa Amini,11/4/2022,Tehran,86
Mahsa Amini,11/5/2022,Tehran,87
Mahsa Amini,11/6/2022,Tehran,88
Mahsa Amini,11/7/2022,Tehran,89
Mahsa Amini,11/8/2022,Tehran,90
Mahsa Amini,11/9/2022,Tehran,91
Mahsa Amini,11/10/2022,Tehran,92
Mahsa Amini,11/11/2022,Tehran,93
Mahsa Amini,11/12/2022,Tehran,94
Mahsa Amini,11/13/2022,Tehran,95
Mahsa Amini,11/14/2022,Tehran,96
Mahsa Amini,11/15/2022,Tehran,97
Mahsa Amini,11/16/2022,Tehran,98
Mahsa Amini,11/17/2022,Tehran,99
Mahsa Amini,11/18/2022,Tehran,100
Mahsa Amini,11/19/2022,Tehran,101
Mahsa Amini,11/20/2022,Tehran,102
Mahsa Amini,11/21/2022,Tehran,103
Mahsa Amini,11/22/2022,Tehran,104
Mahsa Amini,11/23/2022,Tehran,105
Mahsa Amini,11/24/2022,Tehran,106
Mahsa Amini,11/25/2022,Tehran,107
Mahsa Amini,11/26/2022,Tehran,108
Mahsa Amini,11/27/2022,Tehran,109
Mahsa Amini,11/28/2022,Tehran,110
Mahsa Amini,11/29/2022,Tehran,111
Mahsa Amini,11/30/2022,Tehran,112
Mahsa Amini,12/1/2022,Tehran,113
Mahsa Amini,12/2/2022,Tehran,114
Mahsa Amini,12/3/2022,Tehran,115
Mahsa Amini,12/4/2022,Tehran,116
Mahsa Amini,12/5/2022,Tehran,117
Mahsa Amini,12/6/2022,Tehran,118
Mahsa Amini,12/7/2022,Tehran,119
Mahsa Amini,12/8/2022,Tehran,120
Mahsa Amini,12/9/2022,Tehran,121
Mahsa Amini,12/10/2022,Tehran,122
Mahsa Amini,12/11/2022,Tehran,123
Mahsa Amini,12/12/2022,Tehran,124
Mahsa Amini,12/13/2022,Tehran,125
Mahsa Amini,12/14/2022,Tehran,126
Mahsa Amini,12/15/2022,Tehran,127
Mahsa Amini,12/16/2022,Tehran,128
Mahsa Amini,12/17/2022,Tehran,129
Mahsa Amini,12/18/2022,Tehran,130
Mahsa Amini,12/19/2022,Tehran,131
Mahsa Amini,12/20/2022,Tehran,132
Mahsa Amini,12/21/2022,Tehran,133
Mahsa Amini,12/22/2022,Tehran,134
Mahsa Amini,12/23/2022,Tehran,135
Mahsa Amini,12/24/2022,Tehran,136
Mahsa Amini,12/25/2022,Tehran,137
Mahsa Amini,12/26/2022,Tehran,138
Mahsa Amini,12/27/2022,Tehran,139
Mahsa Amini,12/28/2022,Tehran,140
Mahsa Amini,12/29/2022,Tehran,141
Mahsa Amini,12/30/2022,Tehran,142
Mahsa Amini,12/31/2022,Tehran,143
Mahsa Amini,1/1/2023,Tehran,144
Mahsa Amini,1/2/2023,Tehran,145
Mahsa Amini,1/3/2023,Tehran,146
Mahsa Amini,1/4/2023,Tehran,147
Mahsa Amini,1/5/2023,Tehran,148
Mahsa Amini,1/6/2023,Tehran,149
Mahsa Amini,1/7/2023,Tehran,150
Mahsa Amini,1/8/2023,Tehran,151
Mahsa Amini,1/9/2023,Tehran,152
Mahsa Amini,1/10/2023,Tehran,153
Mahsa Amini,1/11/2023,Tehran,154
Mahsa Amini,1/12/2023,Tehran,155
Mahsa Amini,1/13/2023,Tehran,156
Mahsa Amini,1/14/2023,Tehran,157
Mahsa Amini,1/15/2023,Tehran,158
Mahsa Amini,1/16/2023,Tehran,159
Mahsa Amini,1/17/2023,Tehran,160
Mahsa Amini,1/18/2023,Tehran,161
Mahsa Amini,1/19/2023,Tehran,162
Mahsa Amini,1/20/2023,Tehran,163
Mahsa Amini,1/21/2023,Tehran,164
Mahsa Amini,1/22/2023,Tehran,165
Mahsa Amini,1/23/2023,Tehran,166
Mahsa Amini,1/24/2023,Tehran,167
Mahsa Amini,1/25/2023,Tehran,168
Mahsa Amini,1/26/2023,Tehran,169
Mahsa Amini,1/27/2023,Tehran,170
Mahsa Amini,1/28/2023,Tehran,171
Mahsa Amini,1/29/2023,Tehran,172
Mahsa Amini,1/30/2023,Tehran,173
Mahsa Amini,1/31/2023,Tehran,174
Mahsa Amini,2/1/2023,Tehran,175
Mahsa Amini,2/2/2023,Tehran,176
Mahsa Amini,2/3/2023,Tehran,177
Mahsa Amini,2/4/2023,Tehran,178
Mahsa Amini,2/5/2023,Tehran,179
Mahsa Amini,2/6/2023,Tehran,180
Mahsa Amini,2/7/2023,Tehran,181
Mahsa Amini,2/8/2023,Tehran,182
Mahsa Amini,2/9/2023,Tehran,183
Mahsa Amini,2/10/2023,Tehran,184
Mahsa Amini,2/11/2023,Tehran,185
Mahsa Amini,2/12/2023,Tehran,186
Mahsa Amini,2/13/2023,Tehran,187
Mahsa Amini,2/14/2023,Tehran,188
Mahsa Amini,2/15/2023,Tehran,189
Mahsa Amini,2/16/2023,Tehran,190
Mahsa Amini,2/17/2023,Tehran,191
Mahsa Amini,2/18/2023,Tehran,192
Mahsa Amini,2/19/2023,Tehran,193
Mahsa Amini,2/20/2023,Tehran,194
Mahsa Amini,2/21/2023,Tehran,195
Mahsa Amini,2/22/2023,Tehran,196
Mahsa Amini,2/23/2023,Tehran,197
Mahsa Amini,2/24/2023,Tehran,198
Mahsa Amini,2/25/2023,Tehran,199
Mahsa Amini,2/26/2023,Tehran,200
Mahsa Amini,2/27/2023,Tehran,201
Mahsa Amini,2/28/2023,Tehran,202
Mahsa Amini,3/1/2023,Tehran,203
Mahsa Amini,3/2/2023,Tehran,204
Mahsa Amini,3/3/2023,Tehran,205
Mahsa Amini,3/4/2023,Tehran,206
Mahsa Amini,3/5/2023,Tehran,207
Mahsa Amini,3/6/2023,Tehran,208
Mahsa Amini,3/7/2023,Tehran,209
Mahsa Amini,3/8/2023,Tehran,210
Mahsa Amini,3/9/2023,Tehran,211
Mahsa Amini,3/10/2023,Tehran,212
Mahsa Amini,3/11/2023,Tehran,213
Mahsa Amini,3/12/2023,Tehran,214
Mahsa Amini,3/13/2023,Tehran,215
Mahsa Amini,3/14/2023,Tehran,216
Mahsa Amini,3/15/2023,Tehran,217
Mahsa Amini,3/16/2023,Tehran,218
Mahsa Amini,3/17/2023,Tehran,219
Mahsa Amini,3/18/2023,Tehran,220
Mahsa Amini,3/19/2023,Tehran,221
Mahsa Amini,3/20/2023,Tehran,222
Mahsa Amini,3/21/2023,Tehran,223
Mahsa Amini,3/22/2023,Tehran,224
Mahsa Amini,3/23/2023,Tehran,225
Mahsa Amini,3/24/2023,Tehran,226
Mahsa Amini,3/25/2023,Tehran,227
Mahsa Amini,3/26/2023,Tehran,228
Mahsa Amini,3/27/2023,Tehran,229
Mahsa Amini,3/28/2023,Tehran,230
Mahsa Amini,3/29/2023,Tehran,231
Mahsa Amini,3/30/2023,Tehran,232
Mahsa Amini,3/31/2023,Tehran,233
Mahsa Amini,4/1/2023,Tehran,234
Mahsa Amini,4/2/2023,Tehran,235
Mahsa Amini,4/3/2023,Tehran,236
Mahsa Amini,4/4/2023,Tehran,237
Mahsa Amini,4/5/2023,Tehran,238
Mahsa Amini,4/6/2023,Tehran,239
Mahsa Amini,4/7/2023,Tehran,240
Mahsa Amini,4/8/2023,Tehran,241
Mahsa Amini,4/9/2023,Tehran,242
Mahsa Amini,4/10/2023,Tehran,243
Mahsa Amini,4/11/2023,Tehran,244
Mahsa Amini,4/12/2023,Tehran,245
Mahsa Amini,4/13/2023,Tehran,246
Mahsa Amini,4/14/2023,Tehran,247
Mahsa Amini,4/15/2023,Tehran,248
Mahsa Amini,4/16/2023,Tehran,249
Mahsa Amini,4/17/2023,Tehran,250
Mahsa Amini,4/18/2023,Tehran,251
Mahsa Amini,4/19/2023,Tehran,252
Mahsa Amini,4/20/2023,Tehran,253
Mahsa Amini,4/21/2023,Tehran,254
Mahsa Amini,4/22/2023,Tehran,255
Mahsa Amini,4/23/2023,Tehran,256
Mahsa Amini,4/24/2023,Tehran,257
Mahsa Amini,4/25/2023,Tehran,258
Mahsa Amini,4/26/2023,Tehran,259
Mahsa Amini,4/27/2023,Tehran,260
Mahsa Amini,4/28/2023,Tehran,261
Mahsa Amini,4/29/2023,Tehran,262
Mahsa Amini,4/30/2023,Tehran,263
Mahsa Amini,5/1/2023,Tehran,264
Mahsa Amini,5/2/2023,Tehran,265
Mahsa Amini,5/3/2023,Tehran,266
Mahsa Amini,5/4/2023,Tehran,267
Mahsa Amini,5/5/2023,Tehran,268
Mahsa Amini,5/6/2023,Tehran,269
Mahsa Amini,5/7/2023,Tehran,270
Mahsa Amini,5/8/2023,Tehran,271
Mahsa Amini,5/9/2023,Tehran,272
Mahsa Amini,5/10/2023,Tehran,273
Mahsa Amini,5/11/2023,Tehran,274
Mahsa Amini,5/12/2023,Tehran,275
Mahsa Amini,5/13/2023,Tehran,276
Mahsa Amini,5/14/2023,Tehran,277
Mahsa Amini,5/15/2023,Tehran,278
Mahsa Amini,5/16/2023,Tehran,279
Mahsa Amini,5/17/2023,Tehran,280
Mahsa Amini,5/18/2023,Tehran,281
Mahsa Amini,5/19/2023,Tehran,282
Mahsa Amini,5/20/2023,Tehran,283
Mahsa Amini,5/21/2023,Tehran,284
Mahsa Amini,5/22/2023,Tehran,285
Mahsa Amini,5/23/2023,Tehran,286
Mahsa Amini,5/24/2023,Tehran,287
Mahsa Amini,5/25/2023,Tehran,288
Mahsa Amini,5/26/2023,Tehran,289
Mahsa Amini,5/27/2023,Tehran,290
Mahsa Amini,5/28/2023,Tehran,291
Mahsa Amini,5/29/2023,Tehran,292
Mahsa Amini,5/30/2023,Tehran,293
Mahsa Amini,5/31/2023,Tehran,294
Mahsa Amini,6/1/2023,Tehran,295
Mahsa Amini,6/2/2023,Tehran,296
Mahsa Amini,6/3/2023,Tehran,297
Mahsa Amini,6/4/2023,Tehran,298
Mahsa Amini,6/5/2023,Tehran,299
Mahsa Amini,6/6/2023,Tehran,300
Mahsa Amini,6/7/2023,Tehran,301
Mahsa Amini,6/8/2023,Tehran,302
Mahsa Amini,6/9/2023,Tehran,303
Mahsa Amini,6/10/2023,Tehran,304
Mahsa Amini,6/11/2023,Tehran,305
Mahsa Amini,6/12/2023,Tehran,306
Mahsa Amini,6/13/2023,Tehran,307
Mahsa Amini,6/14/2023,Tehran,308
Mahsa Amini,6/15/2023,Tehran,309
Mahsa Amini,6/16/2023,Tehran,310
Mahsa Amini,6/17/2023,Tehran,311
Mahsa Amini,6/18/2023,Tehran,312
Mahsa Amini,6/19/2023,Tehran,313
Mahsa Amini,6/20/2023,Tehran,314
Mahsa Amini,6/21/2023,Tehran,315
Mahsa Amini,6/22/2023,Tehran,316
Mahsa Amini,6/23/2023,Tehran,317
Mahsa Amini,6/24/2023,Tehran,318
Mahsa Amini,6/25/2023,Tehran,319
Mahsa Amini,6/26/2023,Tehran,320
Mahsa Amini,6/27/2023,Tehran,321
Mahsa Amini,6/28/2023,Tehran,322
Mahsa Amini,6/29/2023,Tehran,323
Mahsa Amini,6/30/2023,Tehran,324
Mahsa Amini,7/1/2023,Tehran,325
Mahsa Amini,7/2/2023,Tehran,326
Mahsa Amini,7/3/2023,Tehran,327
Mahsa Amini,7/4/2023,Tehran,328
Mahsa Amini,7/5/2023,Tehran,329
Mahsa Amini,7/6/2023,Tehran,330
Mahsa Amini,7/7/2023,Tehran,331
Mahsa Amini,7/8/2023,Tehran,332
Mahsa Amini,7/9/2023,Tehran,333
Mahsa Amini,7/10/2023,Tehran,334
Mahsa Amini,7/11/2023,Tehran,335
Mahsa Amini,7/12/2023,Tehran,336
Mahsa Amini,7/13/2023,Tehran,337
Mahsa Amini,7/14/2023,Tehran,338
Mahsa Amini,7/15/2023,Tehran,339
Mahsa Amini,7/16/2023,Tehran,340
Mahsa Amini,7/17/2023,Tehran,341
Mahsa Amini,7/18/2023,Tehran,342
Mahsa Amini,7/19/2023,Tehran,343
Mahsa Amini,7/20/2023,Tehran,344
Mahsa Amini,7/21/2023,Tehran,345
Mahsa Amini,7/22/2023,Tehran,346
Mahsa Amini,7/23/2023,Tehran,347
Mahsa Amini,7/24/2023,Tehran,348
Mahsa Amini,7/25/2023,Tehran,349
Mahsa Amini,7/26/2023,Tehran,350
Mahsa Amini,7/27/2023,Tehran,351
Mahsa Amini,7/28/2023,Tehran,352
Mahsa Amini,7/29/2023,Tehran,353
Mahsa Amini,7/30/2023,Tehran,354
Mahsa Amini,7/31/2023,Tehran,355
Mahsa Amini,8/1/2023,Tehran,356
Mahsa Amini,8/2/2023,Tehran,357
Mahsa Amini,8/3/2023,Tehran,358
Mahsa Amini,8/4/2023,Tehran,359
Mahsa Amini,8/5/2023,Tehran,360
Mahsa Amini,8/6/2023,Tehran,361
